flag,2017-01,2017-02,2017-03,2017-04,2017-05,2017-06,2017-07,2017-08,2017-09,2017-10,2017-11,2017-12,2018-01,2018-02,2018-03,2018-04,2018-05,2018-06,2018-07,2018-08,2018-09,2018-10,2018-11,2018-12,2019-01,2019-02,2019-03,2019-04,2019-05,2019-06,2019-07,2019-08,2019-09,2019-10,2019-11,2019-12,2020-01,2020-02,2020-03,2020-04,2020-05,2020-06,2020-07,2020-08,2020-09,2020-10,2020-11,2020-12,2021-01,2021-02,2021-03,2021-04,2021-05,2021-06,2021-07,2021-08,2021-09,2021-10,2021-11,2021-12,2022-01,2022-02,2022-03,2022-04,2022-05,2022-06,2022-07,2022-08,2022-09,2022-10,2022-11,2022-12,2023-01,2023-02,2023-03,2023-04,2023-05,2023-06,2023-07,2023-08,2023-09,2023-10,2023-11,2023-12,2024-01,2024-02,2024-03,2024-04,2024-05,2024-06,2024-07,2024-08,2024-09,2024-10,2024-11,2024-12
CHN,516065.0,491399.0,931656.0,1374245,262149,305613,393890,1359090,2742886,1681339,1414661,1050465,748260,594997,1151313,1646248,388882,417448,462071,1211712,2117570,1952641,1586057,1149338,927638,718328,1279214,1569776,434869,415832,466435,1228777,2539433,2217471,1657439,1299583,805649,645448,1312781,1924888,516293,491818,501688,1353190,2664860,2043655,1662398,1299409,989544,850791,1345166,1546501,523123,572376,562341,1212988,2812336,2098427,574510,3999541,3398848,2142485,2799459,3316423,584371,625003,669475,3270455,5343167,5471214,6695112,3893951,2868418,3896667,5317683,5558189,1159667,1297153,1222349,3823798,7440953,7954446,6285360,5684899,4851749,2038498,4789041,5504894,1419071,1513525,1515295,4660186,6534814,6828726,6243907,6544762
TWN,181201.0,157107.0,164549.0,231917,227847,210907,248714,287478,280934,270547,285249,272172,248898,220686,265218,322309,331077,303173,334426,363489,302486,316019,297105,301115,308925,244369,323756,345209,327542,309581,340264,376990,318414,374054,353086,311428,273816,247781,289842,329759,342494,332020,356239,326405,300845,265563,292713,277604,276230,205108,237919,254704,304815,305397,357037,362459,308208,308536,307337,336374,354932,288511,347865,379636,407033,457753,518580,472340,387285,356581,448694,339124,352867,297313,374736,386547,416631,474817,479743,491168,431461,378903,382772,359282,401236,287541,346314,400427,434879,459503,468848,501820,351379,340642,362420,372088
KOR,"90,687","86,070","104,216","117,044","162,617","178,586","157,664","149,919","144,196","105,051","118,777","98,393","109,973","79,764","110,402","135,018","160,826","171,378","184,157","202,052","225,247","213,357","208,154","137,177","138,574","127,371","158,935","188,034","301,066","248,925","228,873","251,820","213,650","210,834","194,622","158,354","147,352","157,928","185,146","186,921","279,652","264,572","258,790","253,877","228,021","260,405","226,656","191,770","164,605","143,851","210,487","203,921","303,396","316,826","299,307","264,923","205,489","251,020","147,051","310,394","354,532","267,287","347,326","367,194","507,231","416,407","488,134","523,543","361,167","476,425","431,328","380,047","308,462","312,164","392,186","342,307","507,026","516,886","520,181","487,913","533,721","549,523","390,014","372,727","381,091","234,582","369,628","421,601","509,530","545,721","474,281","555,153","529,668","537,804","439,176","438,225"
ESP,152648.0,137025.0,177311.0,168193,219950,230783,238054,241336,227040,212689,216992,166306,165382,147581,169247,186576,226267,227778,269445,242098,212514,210105,210639,170223,175202,174619,183374,186631,224138,231967,286504,264866,231727,224849,193625,164379,173275,166412,167599,163880,210481,242462,290922,232413,222761,194803,204468,169537,150623,148408,207501,199999,231502,246279,264682,242782,206973,194122,203575,180143,160043,162811,165163,198977,249633,261196,289250,271759,222898,205491,198500,191883,156951,151074,208256,206282,241192,257457,260827,259272,213631,174043,192547,176136,160260,152075,171404,217810,244080,254287,270636,241451,200301,188093,193177,166587
ITA,135206.0,170771.0,205276.0,174239,273744,287198,272017,195548,123879,148273,172807,151406,162591,124371,159332,196189,240295,223092,273606,151434,126564,142433,168194,175732,136706,147766,162231,174870,200865,267232,253527,169444,138056,165580,152837,152355,172978,151418,104384,126170,177840,240923,267182,161520,166806,142280,190425,155846,125258,161045,190771,157298,215943,267753,251715,161395,178821,140594,148439,171898,133007,147543,153712,169248,212992,212396,232148,150841,127201,185732,161716,176708,105076,132466,158581,146401,193634,227035,229711,137126,153021,128723,158998,180475,162787,167026,173562,186129,237289,244841,245379,146198,125272,133804,183039,167405
RUS,135968.0,145381.0,174577.0,153922,150192,153760,163325,171055,165744,157754,143284,137675,143938,159595,186135,169191,173925,180372,187200,167498,176570,178150,141889,121929,147411,168191,186787,181568,186816,180365,190280,180636,181851,178657,138107,116687,156496,166284,185405,189113,199564,191036,190866,175473,183834,183361,152028,131975,143846,145843,173524,180364,193320,191593,190463,188402,186448,181251,157989,148145,146357,145792,169571,169999,194543,198764,193450,185462,179554,176999,163838,150318,145955,152055,175107,160945,178160,190373,189670,187343,179350,156562,131749,127874,133000,142687,155848,142907,154442,168806,174065,154448,145979,134526,121874,130615
USA,105330.0,119962.0,121349.0,123421,129441,149916,174494,167599,135691,150283,103009,80940,101928,111118,113206,122174,164566,167037,233834,176994,155448,186877,113017,85356,111103,106886,115099,132535,162950,185921,231052,180612,171325,156268,108454,83581,109530,127613,125379,141273,202289,254939,243689,182808,200817,208354,169845,121889,134244,124720,165765,180662,210521,246826,275956,210448,193435,173744,148328,142353,114813,127142,140180,156548,215693,242146,289322,248743,214930,170535,126444,100418,124164,126876,151591,172529,213672,224645,284224,225921,179382,167814,126517,102628,98331,111361,131852,151536,201061,218350,255751,226752,180772,169164,121035,116173
JPN,125162.0,104445.0,103993.0,105902,129725,130546,136784,138518,147522,165492,159757,144501,126368,109394,113511,134022,155087,142996,146934,151497,164454,205181,180644,151016,131929,115747,109182,131980,165407,151555,143230,154307,172771,188083,171280,164095,130167,125782,125488,131096,172108,166984,155412,169011,169317,195252,176503,164097,143199,133389,147708,138148,179112,187949,172224,159587,178835,199658,154298,168163,116816,118555,145665,152307,176316,175274,178095,183478,171991,202618,208043,168608,164106,140099,173972,151917,184785,189067,190881,175561,207441,227706,187471,178127,169427,151601,168542,192238,190845,205506,216082,193016,206318,211629,192865,195559
FRA,129467.0,118467.0,145698.0,136067,139850,141090,150131,158684,151401,177814,157007,113538,112513,108218,127146,130525,152376,149597,162340,162110,155681,178899,153231,126780,138895,148872,131116,143626,147787,151088,173657,163539,143591,180306,140494,121333,143916,130512,98083,91692,132430,146086,173805,154976,146338,157781,164001,126238,132950,134592,150698,141035,142212,148422,148341,153891,139943,167131,154221,140217,147196,130869,137855,145176,166131,154581,150987,153623,135849,169394,152890,137739,132432,144704,123711,139563,145151,137926,135969,137855,129317,159227,135707,123493,125939,106380,144801,141772,148853,135766,141822,137975,120773,160165,139703,116944
VNM,,,,0,152,40,332,388,161,58,32,11,0,0,42,273,749,1758,5298,6176,2110,373,287,650,1193,1096,2443,3077,4778,14871,16618,10674,9197,2479,1395,2919,2857,2854,3685,4560,6240,3927,5901,15579,9992,6627,14134,17171,18247,14728,28449,44042,36662,35188,24465,19457,26145,27646,19665,41737,45444,37627,66397,119906,118163,172555,183592,158593,161398,164105,154060,146012,93549,118059,213046,253468,377529,444991,436220,422459,353344,340947,290037,313121,325077,200092,448095,515868,565537,674810,721780,872637,656228,721391,573725,604286
